user_id,ts,date
UA000000107379500,2020-07-04T16:09:06.592+0000,2020-07-04
UA000000107359357,2020-07-04T15:36:51.756+0000,2020-07-04
UA000000107375547,2020-07-04T16:06:55.459+0000,2020-07-04
UA000000107370581,2020-07-04T16:06:49.276+0000,2020-07-04
UA000000107377108,2020-07-04T16:03:48.143+0000,2020-07-04
UA000000107377161,2020-07-04T16:03:54.344+0000,2020-07-04
UA000000107370851,2020-07-04T15:52:16.171+0000,2020-07-04
UA000000107360961,2020-07-04T15:34:03.215+0000,2020-07-04
UA000000107376205,2020-07-04T16:13:33.196+0000,2020-07-04
UA000000107359805,2020-07-04T15:31:53.246+0000,2020-07-04
UA000000107369909,2020-07-04T15:56:10.903+0000,2020-07-04
UA000000107371743,2020-07-04T15:53:56.347+0000,2020-07-04
UA000000107380961,2020-07-04T16:12:05.815+0000,2020-07-04
UA000000107377487,2020-07-04T16:04:32.173+0000,2020-07-04
UA000000107357350,2020-07-04T15:27:09.415+0000,2020-07-04
UA000000107359573,2020-07-04T15:31:27.337+0000,2020-07-04
UA000000107364368,2020-07-04T15:52:53.962+0000,2020-07-04
UA000000107357467,2020-07-04T15:35:44.661+0000,2020-07-04
UA000000107369512,2020-07-04T15:49:48.141+0000,2020-07-04
UA000000107365065,2020-07-04T15:44:57.207+0000,2020-07-04
UA000000107364813,2020-07-04T15:41:11.099+0000,2020-07-04
UA000000107374663,2020-07-04T15:59:16.880+0000,2020-07-04
UA000000107382638,2020-07-04T16:13:59.050+0000,2020-07-04
UA000000107367922,2020-07-04T15:46:48.354+0000,2020-07-04
UA000000107366779,2020-07-04T16:08:19.159+0000,2020-07-04
UA000000107374215,2020-07-04T16:10:03.979+0000,2020-07-04
UA000000107380780,2020-07-04T16:10:39.209+0000,2020-07-04
UA000000107359571,2020-07-04T15:31:27.186+0000,2020-07-04
UA000000107376278,2020-07-04T16:09:44.168+0000,2020-07-04
UA000000107363006,2020-07-04T15:37:56.686+0000,2020-07-04
UA000000107360852,2020-07-04T15:33:51.949+0000,2020-07-04
UA000000107381241,2020-07-04T16:11:26.932+0000,2020-07-04
UA000000107377238,2020-07-04T16:04:02.524+0000,2020-07-04
UA000000107371192,2020-07-04T15:52:57.050+0000,2020-07-04
UA000000107367048,2020-07-04T15:45:12.951+0000,2020-07-04
UA000000107379637,2020-07-04T16:08:34.256+0000,2020-07-04
UA000000107371070,2020-07-04T16:03:40.744+0000,2020-07-04
UA000000107378173,2020-07-04T16:05:51.138+0000,2020-07-04
UA000000107373270,2020-07-04T15:56:46.468+0000,2020-07-04
UA000000107375316,2020-07-04T16:00:29.326+0000,2020-07-04
UA000000107374020,2020-07-04T16:13:50.950+0000,2020-07-04
UA000000107357480,2020-07-04T15:27:23.386+0000,2020-07-04
UA000000107364704,2020-07-04T16:07:03.421+0000,2020-07-04
UA000000107362707,2020-07-04T15:37:21.350+0000,2020-07-04
UA000000107372672,2020-07-04T16:14:00.812+0000,2020-07-04
UA000000107375642,2020-07-04T16:01:06.349+0000,2020-07-04
UA000000107380952,2020-07-04T16:10:57.039+0000,2020-07-04
UA000000107370829,2020-07-04T16:01:12.750+0000,2020-07-04
UA000000107361649,2020-07-04T15:42:56.501+0000,2020-07-04
UA000000107377392,2020-07-04T16:04:21.450+0000,2020-07-04
UA000000107360196,2020-07-04T16:04:35.942+0000,2020-07-04
UA000000107363249,2020-07-04T15:38:54.114+0000,2020-07-04
UA000000107372505,2020-07-04T15:55:20.615+0000,2020-07-04
UA000000107358569,2020-07-04T16:06:02.928+0000,2020-07-04
UA000000107378924,2020-07-04T16:07:32.225+0000,2020-07-04
UA000000107380991,2020-07-04T16:11:02.248+0000,2020-07-04
UA000000107361989,2020-07-04T15:36:07.068+0000,2020-07-04
UA000000107358571,2020-07-04T15:29:28.876+0000,2020-07-04
UA000000107366349,2020-07-04T15:46:12.231+0000,2020-07-04
UA000000107370853,2020-07-04T16:02:15.553+0000,2020-07-04
UA000000107380222,2020-07-04T16:09:41.312+0000,2020-07-04
UA000000107368830,2020-07-04T15:49:16.506+0000,2020-07-04
UA000000107380441,2020-07-04T16:12:18.472+0000,2020-07-04
UA000000107370279,2020-07-04T15:51:08.268+0000,2020-07-04
UA000000107375824,2020-07-04T16:01:27.566+0000,2020-07-04
UA000000107369710,2020-07-04T15:50:53.146+0000,2020-07-04
UA000000107379918,2020-07-04T16:09:06.329+0000,2020-07-04
UA000000107361970,2020-07-04T16:07:06.433+0000,2020-07-04
UA000000107357319,2020-07-04T15:27:04.543+0000,2020-07-04
UA000000107359552,2020-07-04T15:31:25.393+0000,2020-07-04
UA000000107368410,2020-07-04T16:11:56.208+0000,2020-07-04
UA000000107369252,2020-07-04T15:51:11.752+0000,2020-07-04
UA000000107377217,2020-07-04T16:03:59.879+0000,2020-07-04
UA000000107382225,2020-07-04T16:14:48.072+0000,2020-07-04
UA000000107371554,2020-07-04T16:03:07.026+0000,2020-07-04
UA000000107357359,2020-07-04T15:27:10.929+0000,2020-07-04
UA000000107361812,2020-07-04T15:35:53.877+0000,2020-07-04
UA000000107377843,2020-07-04T16:07:52.298+0000,2020-07-04
UA000000107358307,2020-07-04T15:47:16.821+0000,2020-07-04
UA000000107374194,2020-07-04T15:58:20.547+0000,2020-07-04
UA000000107364642,2020-07-04T15:40:54.607+0000,2020-07-04
UA000000107368326,2020-07-04T15:47:33.737+0000,2020-07-04
UA000000107360046,2020-07-04T15:32:23.752+0000,2020-07-04
UA000000107361826,2020-07-04T16:00:26.477+0000,2020-07-04
UA000000107363816,2020-07-04T16:01:42.578+0000,2020-07-04
UA000000107370641,2020-07-04T15:51:50.000+0000,2020-07-04
UA000000107376495,2020-07-04T16:03:02.714+0000,2020-07-04
UA000000107372186,2020-07-04T16:01:53.487+0000,2020-07-04
UA000000107365658,2020-07-04T15:42:47.598+0000,2020-07-04
UA000000107360336,2020-07-04T15:45:12.540+0000,2020-07-04
UA000000107371458,2020-07-04T15:53:25.107+0000,2020-07-04
UA000000107359727,2020-07-04T15:38:35.635+0000,2020-07-04
UA000000107380353,2020-07-04T16:09:54.662+0000,2020-07-04
UA000000107362695,2020-07-04T15:37:54.207+0000,2020-07-04
UA000000107373722,2020-07-04T15:57:30.659+0000,2020-07-04
UA000000107382278,2020-07-04T16:14:24.007+0000,2020-07-04
UA000000107381321,2020-07-04T16:11:34.573+0000,2020-07-04
UA000000107375378,2020-07-04T16:00:35.584+0000,2020-07-04
UA000000107378202,2020-07-04T16:09:13.436+0000,2020-07-04
UA000000107380610,2020-07-04T16:10:21.733+0000,2020-07-04
UA000000107358069,2020-07-04T15:29:28.939+0000,2020-07-04
UA000000107360551,2020-07-04T15:33:21.153+0000,2020-07-04
UA000000107367705,2020-07-04T15:46:22.388+0000,2020-07-04
UA000000107371057,2020-07-04T16:01:09.539+0000,2020-07-04
UA000000107367938,2020-07-04T15:46:51.097+0000,2020-07-04
UA000000107373956,2020-07-04T16:02:06.307+0000,2020-07-04
UA000000107367963,2020-07-04T15:46:54.480+0000,2020-07-04
UA000000107374820,2020-07-04T15:59:31.068+0000,2020-07-04
UA000000107375426,2020-07-04T16:08:06.308+0000,2020-07-04
UA000000107359991,2020-07-04T15:32:17.171+0000,2020-07-04
UA000000107378178,2020-07-04T16:05:51.455+0000,2020-07-04
UA000000107378521,2020-07-04T16:06:30.530+0000,2020-07-04
UA000000107366709,2020-07-04T15:44:37.145+0000,2020-07-04
UA000000107381140,2020-07-04T16:11:17.356+0000,2020-07-04
UA000000107375805,2020-07-04T16:12:54.364+0000,2020-07-04
UA000000107369237,2020-07-04T15:49:12.659+0000,2020-07-04
UA000000107361827,2020-07-04T15:40:02.786+0000,2020-07-04
UA000000107363382,2020-07-04T15:51:18.043+0000,2020-07-04
UA000000107382864,2020-07-04T16:14:20.210+0000,2020-07-04
UA000000107360669,2020-07-04T15:33:33.143+0000,2020-07-04
UA000000107358089,2020-07-04T15:33:43.191+0000,2020-07-04
UA000000107364370,2020-07-04T15:49:48.888+0000,2020-07-04
UA000000107364350,2020-07-04T15:57:32.433+0000,2020-07-04
UA000000107371380,2020-07-04T15:53:15.589+0000,2020-07-04
UA000000107366547,2020-07-04T15:44:21.533+0000,2020-07-04
UA000000107359535,2020-07-04T15:47:40.687+0000,2020-07-04
UA000000107379188,2020-07-04T16:10:18.964+0000,2020-07-04
UA000000107382872,2020-07-04T16:14:21.047+0000,2020-07-04
UA000000107360337,2020-07-04T15:32:56.919+0000,2020-07-04
UA000000107376481,2020-07-04T16:02:40.802+0000,2020-07-04
UA000000107359755,2020-07-04T15:31:47.066+0000,2020-07-04
UA000000107369580,2020-07-04T15:57:00.055+0000,2020-07-04
UA000000107370279,2020-07-04T15:53:29.367+0000,2020-07-04
UA000000107359699,2020-07-04T15:31:40.914+0000,2020-07-04
UA000000107362550,2020-07-04T15:37:05.398+0000,2020-07-04
UA000000107358411,2020-07-04T15:33:51.113+0000,2020-07-04
UA000000107369024,2020-07-04T15:48:48.446+0000,2020-07-04
UA000000107381041,2020-07-04T16:11:08.011+0000,2020-07-04
UA000000107362902,2020-07-04T15:37:43.514+0000,2020-07-04
UA000000107357951,2020-07-04T15:28:18.259+0000,2020-07-04
UA000000107370837,2020-07-04T15:52:14.786+0000,2020-07-04
UA000000107374815,2020-07-04T15:59:30.216+0000,2020-07-04
UA000000107369177,2020-07-04T15:49:05.345+0000,2020-07-04
UA000000107373278,2020-07-04T15:56:45.135+0000,2020-07-04
UA000000107359942,2020-07-04T15:32:11.975+0000,2020-07-04
UA000000107363555,2020-07-04T15:38:56.945+0000,2020-07-04
UA000000107374406,2020-07-04T15:58:48.036+0000,2020-07-04
UA000000107369171,2020-07-04T15:49:04.651+0000,2020-07-04
UA000000107372452,2020-07-04T16:11:01.657+0000,2020-07-04
UA000000107368898,2020-07-04T16:02:21.308+0000,2020-07-04
UA000000107373534,2020-07-04T16:01:35.137+0000,2020-07-04
UA000000107376770,2020-07-04T16:03:31.774+0000,2020-07-04
UA000000107358016,2020-07-04T15:30:09.208+0000,2020-07-04
UA000000107361415,2020-07-04T15:34:57.174+0000,2020-07-04
UA000000107371892,2020-07-04T16:08:51.540+0000,2020-07-04
UA000000107371237,2020-07-04T15:53:02.117+0000,2020-07-04
UA000000107379685,2020-07-04T16:08:40.420+0000,2020-07-04
UA000000107371220,2020-07-04T15:52:59.471+0000,2020-07-04
UA000000107361395,2020-07-04T15:43:54.645+0000,2020-07-04
UA000000107378018,2020-07-04T16:05:34.159+0000,2020-07-04
UA000000107362908,2020-07-04T15:41:58.028+0000,2020-07-04
UA000000107363749,2020-07-04T16:00:50.883+0000,2020-07-04
UA000000107358073,2020-07-04T15:28:30.880+0000,2020-07-04
UA000000107380379,2020-07-04T16:09:57.841+0000,2020-07-04
UA000000107376638,2020-07-04T16:02:56.659+0000,2020-07-04
UA000000107367064,2020-07-04T15:45:15.024+0000,2020-07-04
UA000000107358756,2020-07-04T16:08:23.769+0000,2020-07-04
UA000000107364431,2020-07-04T15:40:30.211+0000,2020-07-04
UA000000107364843,2020-07-04T15:41:14.331+0000,2020-07-04
UA000000107363336,2020-07-04T15:39:19.769+0000,2020-07-04
UA000000107361550,2020-07-04T15:35:15.889+0000,2020-07-04
UA000000107378724,2020-07-04T16:06:53.449+0000,2020-07-04
UA000000107364194,2020-07-04T15:48:25.940+0000,2020-07-04
UA000000107361741,2020-07-04T15:35:37.549+0000,2020-07-04
UA000000107365811,2020-07-04T15:47:07.314+0000,2020-07-04
UA000000107372538,2020-07-04T16:09:45.786+0000,2020-07-04
UA000000107362994,2020-07-04T15:37:54.562+0000,2020-07-04
UA000000107381882,2020-07-04T16:12:36.628+0000,2020-07-04
UA000000107359587,2020-07-04T15:47:04.253+0000,2020-07-04
UA000000107360738,2020-07-04T15:33:39.028+0000,2020-07-04
UA000000107367139,2020-07-04T16:11:59.708+0000,2020-07-04
UA000000107376764,2020-07-04T16:09:09.066+0000,2020-07-04
UA000000107374704,2020-07-04T15:59:18.805+0000,2020-07-04
UA000000107358217,2020-07-04T15:29:53.797+0000,2020-07-04
UA000000107362153,2020-07-04T15:36:22.202+0000,2020-07-04
UA000000107367085,2020-07-04T15:46:29.123+0000,2020-07-04
UA000000107360541,2020-07-04T15:33:20.257+0000,2020-07-04
UA000000107378482,2020-07-04T16:11:44.378+0000,2020-07-04
UA000000107363145,2020-07-04T15:38:15.165+0000,2020-07-04
UA000000107365740,2020-07-04T15:42:55.264+0000,2020-07-04
UA000000107367199,2020-07-04T15:53:29.169+0000,2020-07-04
UA000000107358272,2020-07-04T15:28:53.544+0000,2020-07-04
UA000000107374722,2020-07-04T16:01:18.627+0000,2020-07-04
UA000000107368195,2020-07-04T15:47:20.603+0000,2020-07-04
UA000000107364586,2020-07-04T15:40:47.155+0000,2020-07-04
UA000000107358180,2020-07-04T15:28:41.422+0000,2020-07-04
UA000000107359895,2020-07-04T15:32:05.175+0000,2020-07-04
UA000000107358324,2020-07-04T15:28:58.974+0000,2020-07-04
UA000000107370607,2020-07-04T15:51:45.642+0000,2020-07-04
UA000000107359191,2020-07-04T15:32:15.532+0000,2020-07-04
UA000000107371466,2020-07-04T15:53:26.012+0000,2020-07-04
UA000000107366405,2020-07-04T15:44:07.196+0000,2020-07-04
UA000000107362680,2020-07-04T16:00:20.518+0000,2020-07-04
UA000000107364548,2020-07-04T15:50:37.892+0000,2020-07-04
UA000000107374549,2020-07-04T16:08:00.703+0000,2020-07-04
UA000000107362572,2020-07-04T15:37:08.064+0000,2020-07-04
UA000000107381492,2020-07-04T16:11:55.757+0000,2020-07-04
UA000000107372427,2020-07-04T15:55:12.373+0000,2020-07-04
UA000000107359781,2020-07-04T15:31:50.473+0000,2020-07-04
UA000000107364797,2020-07-04T15:41:09.544+0000,2020-07-04
UA000000107378752,2020-07-04T16:13:27.752+0000,2020-07-04
UA000000107376451,2020-07-04T16:02:37.625+0000,2020-07-04
UA000000107364141,2020-07-04T16:06:54.320+0000,2020-07-04
UA000000107361094,2020-07-04T15:34:18.963+0000,2020-07-04
UA000000107379891,2020-07-04T16:09:03.835+0000,2020-07-04
UA000000107360441,2020-07-04T15:37:30.370+0000,2020-07-04
UA000000107381694,2020-07-04T16:12:17.656+0000,2020-07-04
UA000000107357933,2020-07-04T15:28:15.933+0000,2020-07-04
UA000000107380069,2020-07-04T16:09:21.829+0000,2020-07-04
UA000000107371502,2020-07-04T15:53:29.586+0000,2020-07-04
UA000000107368650,2020-07-04T15:48:08.034+0000,2020-07-04
UA000000107359533,2020-07-04T15:34:03.202+0000,2020-07-04
UA000000107360584,2020-07-04T15:33:25.454+0000,2020-07-04
UA000000107363225,2020-07-04T15:38:22.287+0000,2020-07-04
UA000000107367153,2020-07-04T15:45:25.272+0000,2020-07-04
UA000000107378859,2020-07-04T16:07:07.366+0000,2020-07-04
UA000000107359064,2020-07-04T15:38:00.951+0000,2020-07-04
UA000000107365375,2020-07-04T15:58:30.403+0000,2020-07-04
UA000000107362385,2020-07-04T15:55:27.001+0000,2020-07-04
UA000000107371405,2020-07-04T15:53:18.166+0000,2020-07-04
UA000000107374565,2020-07-04T16:00:14.895+0000,2020-07-04
UA000000107375087,2020-07-04T16:02:28.059+0000,2020-07-04
UA000000107362773,2020-07-04T15:37:27.003+0000,2020-07-04
UA000000107375637,2020-07-04T16:09:39.661+0000,2020-07-04
UA000000107381077,2020-07-04T16:11:11.259+0000,2020-07-04
UA000000107360645,2020-07-04T15:46:27.530+0000,2020-07-04
UA000000107358433,2020-07-04T15:29:10.825+0000,2020-07-04
UA000000107370419,2020-07-04T15:51:22.389+0000,2020-07-04
UA000000107359493,2020-07-04T15:31:17.934+0000,2020-07-04
UA000000107366924,2020-07-04T16:12:33.583+0000,2020-07-04
UA000000107364185,2020-07-04T15:40:38.945+0000,2020-07-04
UA000000107371643,2020-07-04T15:53:44.261+0000,2020-07-04
UA000000107367532,2020-07-04T15:46:05.296+0000,2020-07-04
UA000000107364226,2020-07-04T15:49:38.019+0000,2020-07-04
UA000000107362575,2020-07-04T15:37:08.472+0000,2020-07-04
UA000000107372605,2020-07-04T15:56:33.789+0000,2020-07-04
UA000000107370926,2020-07-04T15:52:25.448+0000,2020-07-04
UA000000107379587,2020-07-04T16:08:28.944+0000,2020-07-04
UA000000107359824,2020-07-04T16:10:22.436+0000,2020-07-04
UA000000107380522,2020-07-04T16:11:08.358+0000,2020-07-04
UA000000107376346,2020-07-04T16:04:29.155+0000,2020-07-04
UA000000107372120,2020-07-04T16:13:39.997+0000,2020-07-04
UA000000107359032,2020-07-04T15:52:56.938+0000,2020-07-04
UA000000107360110,2020-07-04T15:33:01.634+0000,2020-07-04
UA000000107370024,2020-07-04T15:50:39.219+0000,2020-07-04
UA000000107365142,2020-07-04T15:56:07.069+0000,2020-07-04
UA000000107358141,2020-07-04T15:28:38.458+0000,2020-07-04
UA000000107376484,2020-07-04T16:04:41.737+0000,2020-07-04
UA000000107358058,2020-07-04T16:10:39.689+0000,2020-07-04
UA000000107376389,2020-07-04T16:02:30.821+0000,2020-07-04
UA000000107378341,2020-07-04T16:08:08.729+0000,2020-07-04
UA000000107358711,2020-07-04T15:29:46.785+0000,2020-07-04
UA000000107382128,2020-07-04T16:13:03.312+0000,2020-07-04
UA000000107366503,2020-07-04T16:12:57.467+0000,2020-07-04
UA000000107371028,2020-07-04T15:57:38.385+0000,2020-07-04
UA000000107376624,2020-07-04T16:02:54.142+0000,2020-07-04
UA000000107373152,2020-07-04T15:56:33.351+0000,2020-07-04
UA000000107360510,2020-07-04T16:06:29.257+0000,2020-07-04
UA000000107364509,2020-07-04T15:40:37.924+0000,2020-07-04
UA000000107364180,2020-07-04T16:00:25.328+0000,2020-07-04
UA000000107377443,2020-07-04T16:04:37.502+0000,2020-07-04
UA000000107366498,2020-07-04T15:44:16.605+0000,2020-07-04
UA000000107368043,2020-07-04T15:47:03.435+0000,2020-07-04
UA000000107366852,2020-07-04T15:44:54.488+0000,2020-07-04
UA000000107373673,2020-07-04T15:57:24.749+0000,2020-07-04
UA000000107362830,2020-07-04T15:46:22.493+0000,2020-07-04
UA000000107370701,2020-07-04T15:51:58.371+0000,2020-07-04
UA000000107377209,2020-07-04T16:03:59.205+0000,2020-07-04
UA000000107361876,2020-07-04T15:58:38.566+0000,2020-07-04
UA000000107360821,2020-07-04T15:33:49.102+0000,2020-07-04
UA000000107362185,2020-07-04T15:38:29.612+0000,2020-07-04
UA000000107366982,2020-07-04T16:11:00.229+0000,2020-07-04
UA000000107364907,2020-07-04T15:42:48.040+0000,2020-07-04
UA000000107362759,2020-07-04T15:45:01.540+0000,2020-07-04
UA000000107361452,2020-07-04T16:09:17.081+0000,2020-07-04
UA000000107364035,2020-07-04T15:39:49.739+0000,2020-07-04
UA000000107377500,2020-07-04T16:04:33.677+0000,2020-07-04
UA000000107374600,2020-07-04T15:59:06.892+0000,2020-07-04
UA000000107369950,2020-07-04T15:50:31.444+0000,2020-07-04
UA000000107358303,2020-07-04T15:44:17.933+0000,2020-07-04
UA000000107371825,2020-07-04T16:04:44.534+0000,2020-07-04
UA000000107360226,2020-07-04T15:35:43.045+0000,2020-07-04
UA000000107380218,2020-07-04T16:11:15.211+0000,2020-07-04
UA000000107367522,2020-07-04T15:53:15.273+0000,2020-07-04
UA000000107363587,2020-07-04T15:46:25.964+0000,2020-07-04
UA000000107369016,2020-07-04T15:48:47.786+0000,2020-07-04
UA000000107366283,2020-07-04T15:44:01.914+0000,2020-07-04
UA000000107381582,2020-07-04T16:12:06.407+0000,2020-07-04
UA000000107374003,2020-07-04T15:58:01.228+0000,2020-07-04
UA000000107365159,2020-07-04T15:45:18.041+0000,2020-07-04
UA000000107372771,2020-07-04T16:13:30.269+0000,2020-07-04
UA000000107377475,2020-07-04T16:04:31.273+0000,2020-07-04
UA000000107371843,2020-07-04T15:56:48.195+0000,2020-07-04
UA000000107381480,2020-07-04T16:11:53.540+0000,2020-07-04
UA000000107367338,2020-07-04T16:02:46.683+0000,2020-07-04
UA000000107358614,2020-07-04T15:32:29.313+0000,2020-07-04
UA000000107370822,2020-07-04T15:52:12.169+0000,2020-07-04
UA000000107381565,2020-07-04T16:12:03.394+0000,2020-07-04
UA000000107382139,2020-07-04T16:13:04.036+0000,2020-07-04
UA000000107363510,2020-07-04T16:03:20.807+0000,2020-07-04
UA000000107363146,2020-07-04T15:41:02.342+0000,2020-07-04
UA000000107378253,2020-07-04T16:05:59.983+0000,2020-07-04
UA000000107367565,2020-07-04T16:11:22.848+0000,2020-07-04
UA000000107375000,2020-07-04T16:00:24.557+0000,2020-07-04
UA000000107360316,2020-07-04T15:32:54.934+0000,2020-07-04
UA000000107365055,2020-07-04T15:47:00.109+0000,2020-07-04
UA000000107362792,2020-07-04T15:37:30.078+0000,2020-07-04
UA000000107383171,2020-07-04T16:14:54.534+0000,2020-07-04
UA000000107369464,2020-07-04T15:49:37.437+0000,2020-07-04
UA000000107358772,2020-07-04T15:46:31.033+0000,2020-07-04
UA000000107377829,2020-07-04T16:05:11.738+0000,2020-07-04
UA000000107369143,2020-07-04T15:55:55.847+0000,2020-07-04
UA000000107364836,2020-07-04T16:01:08.117+0000,2020-07-04
UA000000107375397,2020-07-04T16:03:52.959+0000,2020-07-04
UA000000107374064,2020-07-04T15:58:06.915+0000,2020-07-04
UA000000107377892,2020-07-04T16:05:18.745+0000,2020-07-04
UA000000107358570,2020-07-04T15:29:28.821+0000,2020-07-04
UA000000107369339,2020-07-04T16:14:22.828+0000,2020-07-04
UA000000107361978,2020-07-04T15:56:14.939+0000,2020-07-04
UA000000107371633,2020-07-04T15:56:42.630+0000,2020-07-04
UA000000107360704,2020-07-04T15:34:36.866+0000,2020-07-04
UA000000107376048,2020-07-04T16:01:51.225+0000,2020-07-04
UA000000107360244,2020-07-04T15:32:46.484+0000,2020-07-04
UA000000107369565,2020-07-04T15:49:48.724+0000,2020-07-04
UA000000107378736,2020-07-04T16:06:54.518+0000,2020-07-04
UA000000107372452,2020-07-04T15:56:49.478+0000,2020-07-04
UA000000107375996,2020-07-04T16:01:46.259+0000,2020-07-04
UA000000107369883,2020-07-04T15:55:58.947+0000,2020-07-04
UA000000107382001,2020-07-04T16:12:49.421+0000,2020-07-04
UA000000107361134,2020-07-04T15:43:12.189+0000,2020-07-04
UA000000107362582,2020-07-04T15:37:10.039+0000,2020-07-04
UA000000107366441,2020-07-04T15:44:11.225+0000,2020-07-04
UA000000107379345,2020-07-04T16:08:00.669+0000,2020-07-04
UA000000107380738,2020-07-04T16:10:35.629+0000,2020-07-04
UA000000107376444,2020-07-04T16:02:37.124+0000,2020-07-04
UA000000107364245,2020-07-04T15:40:12.720+0000,2020-07-04
UA000000107366935,2020-07-04T15:54:58.342+0000,2020-07-04
UA000000107359768,2020-07-04T15:39:43.161+0000,2020-07-04
UA000000107372277,2020-07-04T15:54:53.608+0000,2020-07-04
UA000000107381854,2020-07-04T16:12:34.503+0000,2020-07-04
UA000000107379395,2020-07-04T16:08:06.686+0000,2020-07-04
UA000000107358851,2020-07-04T15:44:02.856+0000,2020-07-04
UA000000107380817,2020-07-04T16:10:42.991+0000,2020-07-04
UA000000107381817,2020-07-04T16:12:30.228+0000,2020-07-04
UA000000107364089,2020-07-04T16:02:30.545+0000,2020-07-04
UA000000107375374,2020-07-04T16:01:10.829+0000,2020-07-04
UA000000107367251,2020-07-04T15:45:42.118+0000,2020-07-04
UA000000107367119,2020-07-04T15:54:57.810+0000,2020-07-04
UA000000107380771,2020-07-04T16:11:55.272+0000,2020-07-04
UA000000107368020,2020-07-04T15:46:59.854+0000,2020-07-04
UA000000107360444,2020-07-04T15:33:10.264+0000,2020-07-04
UA000000107368102,2020-07-04T15:47:09.765+0000,2020-07-04
UA000000107362195,2020-07-04T15:38:15.533+0000,2020-07-04
UA000000107372587,2020-07-04T15:55:29.944+0000,2020-07-04
UA000000107362493,2020-07-04T15:42:13.698+0000,2020-07-04
UA000000107373505,2020-07-04T15:57:07.503+0000,2020-07-04
UA000000107367303,2020-07-04T15:45:42.146+0000,2020-07-04
UA000000107374498,2020-07-04T15:58:55.491+0000,2020-07-04
UA000000107364310,2020-07-04T16:04:26.608+0000,2020-07-04
UA000000107362143,2020-07-04T15:50:31.102+0000,2020-07-04
UA000000107380829,2020-07-04T16:13:08.598+0000,2020-07-04
UA000000107368003,2020-07-04T15:47:21.558+0000,2020-07-04
UA000000107359549,2020-07-04T15:31:25.062+0000,2020-07-04
UA000000107371498,2020-07-04T15:53:29.227+0000,2020-07-04
UA000000107362563,2020-07-04T15:37:07.181+0000,2020-07-04
UA000000107360450,2020-07-04T15:36:13.817+0000,2020-07-04
UA000000107379147,2020-07-04T16:07:37.995+0000,2020-07-04
UA000000107374599,2020-07-04T15:59:06.740+0000,2020-07-04
UA000000107364962,2020-07-04T15:41:39.201+0000,2020-07-04
UA000000107364082,2020-07-04T15:39:55.052+0000,2020-07-04
UA000000107371453,2020-07-04T15:53:39.888+0000,2020-07-04
UA000000107370833,2020-07-04T15:52:14.407+0000,2020-07-04
UA000000107369382,2020-07-04T15:49:28.510+0000,2020-07-04
UA000000107376462,2020-07-04T16:02:41.289+0000,2020-07-04
UA000000107367723,2020-07-04T15:46:24.051+0000,2020-07-04
UA000000107368859,2020-07-04T15:48:31.570+0000,2020-07-04
UA000000107362430,2020-07-04T15:36:54.578+0000,2020-07-04
UA000000107366805,2020-07-04T15:44:47.443+0000,2020-07-04
UA000000107361523,2020-07-04T15:35:11.007+0000,2020-07-04
UA000000107372597,2020-07-04T16:04:56.191+0000,2020-07-04
UA000000107369237,2020-07-04T16:05:59.210+0000,2020-07-04
UA000000107362083,2020-07-04T15:45:39.697+0000,2020-07-04
UA000000107366054,2020-07-04T15:43:30.619+0000,2020-07-04
UA000000107377959,2020-07-04T16:07:28.359+0000,2020-07-04
UA000000107368435,2020-07-04T15:47:45.021+0000,2020-07-04
UA000000107381478,2020-07-04T16:11:53.325+0000,2020-07-04
UA000000107359580,2020-07-04T16:02:43.537+0000,2020-07-04
UA000000107370886,2020-07-04T15:52:19.224+0000,2020-07-04
UA000000107358785,2020-07-04T15:31:16.093+0000,2020-07-04
UA000000107366863,2020-07-04T15:44:53.809+0000,2020-07-04
UA000000107364456,2020-07-04T16:02:58.325+0000,2020-07-04
UA000000107366484,2020-07-04T15:46:27.629+0000,2020-07-04
UA000000107374945,2020-07-04T15:59:46.851+0000,2020-07-04
UA000000107374348,2020-07-04T16:06:59.155+0000,2020-07-04
UA000000107366521,2020-07-04T15:45:14.549+0000,2020-07-04
UA000000107369137,2020-07-04T15:49:00.198+0000,2020-07-04
UA000000107377214,2020-07-04T16:04:02.139+0000,2020-07-04
UA000000107380385,2020-07-04T16:09:58.699+0000,2020-07-04
UA000000107373954,2020-07-04T15:57:54.713+0000,2020-07-04
UA000000107368184,2020-07-04T15:51:07.810+0000,2020-07-04
UA000000107382951,2020-07-04T16:14:29.322+0000,2020-07-04
UA000000107369289,2020-07-04T16:03:53.212+0000,2020-07-04
UA000000107370997,2020-07-04T15:53:52.984+0000,2020-07-04
UA000000107377045,2020-07-04T16:11:28.666+0000,2020-07-04
UA000000107362072,2020-07-04T15:37:04.571+0000,2020-07-04
UA000000107371779,2020-07-04T15:54:00.378+0000,2020-07-04
UA000000107359592,2020-07-04T15:40:00.824+0000,2020-07-04
UA000000107363133,2020-07-04T15:38:11.265+0000,2020-07-04
UA000000107362961,2020-07-04T16:01:46.336+0000,2020-07-04
UA000000107369986,2020-07-04T16:13:53.935+0000,2020-07-04
UA000000107373332,2020-07-04T15:57:08.783+0000,2020-07-04
UA000000107366746,2020-07-04T15:44:41.219+0000,2020-07-04
UA000000107377216,2020-07-04T16:03:59.665+0000,2020-07-04
UA000000107364907,2020-07-04T15:41:22.177+0000,2020-07-04
UA000000107366543,2020-07-04T15:50:11.684+0000,2020-07-04
UA000000107366331,2020-07-04T15:46:49.143+0000,2020-07-04
UA000000107361538,2020-07-04T15:35:14.586+0000,2020-07-04
UA000000107377788,2020-07-04T16:05:06.274+0000,2020-07-04
UA000000107373272,2020-07-04T15:56:44.339+0000,2020-07-04
UA000000107376254,2020-07-04T16:06:38.333+0000,2020-07-04
UA000000107377969,2020-07-04T16:05:28.796+0000,2020-07-04
UA000000107371670,2020-07-04T15:54:01.569+0000,2020-07-04
UA000000107378063,2020-07-04T16:05:38.123+0000,2020-07-04
UA000000107370604,2020-07-04T15:54:16.876+0000,2020-07-04
UA000000107377756,2020-07-04T16:05:02.367+0000,2020-07-04
UA000000107383051,2020-07-04T16:14:39.827+0000,2020-07-04
UA000000107360407,2020-07-04T15:33:05.246+0000,2020-07-04
UA000000107362645,2020-07-04T15:37:16.208+0000,2020-07-04
UA000000107365610,2020-07-04T15:53:15.639+0000,2020-07-04
UA000000107370296,2020-07-04T15:51:10.187+0000,2020-07-04
UA000000107369770,2020-07-04T15:50:13.020+0000,2020-07-04
UA000000107364150,2020-07-04T15:40:02.582+0000,2020-07-04
UA000000107377196,2020-07-04T16:03:57.641+0000,2020-07-04
UA000000107373112,2020-07-04T15:56:29.130+0000,2020-07-04
UA000000107365978,2020-07-04T15:43:22.458+0000,2020-07-04
UA000000107366673,2020-07-04T15:44:34.174+0000,2020-07-04
UA000000107370329,2020-07-04T15:57:19.014+0000,2020-07-04
UA000000107364789,2020-07-04T15:46:37.651+0000,2020-07-04
UA000000107372452,2020-07-04T15:56:38.629+0000,2020-07-04
UA000000107371314,2020-07-04T15:53:08.762+0000,2020-07-04
UA000000107372171,2020-07-04T15:55:39.481+0000,2020-07-04
UA000000107360169,2020-07-04T15:32:39.007+0000,2020-07-04
UA000000107376361,2020-07-04T16:02:28.382+0000,2020-07-04
UA000000107372420,2020-07-04T15:55:11.046+0000,2020-07-04
UA000000107366327,2020-07-04T15:56:46.469+0000,2020-07-04
UA000000107361651,2020-07-04T15:35:53.722+0000,2020-07-04
UA000000107363671,2020-07-04T15:46:53.344+0000,2020-07-04
UA000000107357874,2020-07-04T15:28:07.660+0000,2020-07-04
UA000000107377173,2020-07-04T16:05:32.513+0000,2020-07-04
UA000000107362634,2020-07-04T15:37:14.856+0000,2020-07-04
UA000000107362086,2020-07-04T15:36:14.935+0000,2020-07-04
UA000000107380882,2020-07-04T16:10:49.528+0000,2020-07-04
UA000000107372299,2020-07-04T15:54:56.007+0000,2020-07-04
UA000000107362299,2020-07-04T15:44:30.149+0000,2020-07-04
UA000000107364184,2020-07-04T15:40:09.614+0000,2020-07-04
UA000000107365509,2020-07-04T15:42:28.828+0000,2020-07-04
UA000000107360619,2020-07-04T15:33:28.223+0000,2020-07-04
UA000000107359298,2020-07-04T15:43:32.391+0000,2020-07-04
UA000000107367018,2020-07-04T15:52:20.099+0000,2020-07-04
UA000000107371202,2020-07-04T15:52:57.778+0000,2020-07-04
UA000000107357720,2020-07-04T15:29:18.332+0000,2020-07-04
UA000000107357392,2020-07-04T15:27:13.927+0000,2020-07-04
UA000000107364985,2020-07-04T15:52:49.123+0000,2020-07-04
UA000000107375076,2020-07-04T16:02:34.497+0000,2020-07-04
UA000000107380123,2020-07-04T16:09:29.313+0000,2020-07-04
UA000000107369988,2020-07-04T15:50:35.501+0000,2020-07-04
UA000000107368433,2020-07-04T15:47:44.870+0000,2020-07-04
UA000000107368462,2020-07-04T15:47:47.979+0000,2020-07-04
UA000000107373165,2020-07-04T15:56:34.702+0000,2020-07-04
UA000000107367477,2020-07-04T15:46:00.805+0000,2020-07-04
UA000000107370387,2020-07-04T15:51:19.178+0000,2020-07-04
UA000000107370774,2020-07-04T15:52:53.586+0000,2020-07-04
UA000000107358915,2020-07-04T15:39:06.591+0000,2020-07-04
UA000000107365624,2020-07-04T15:42:43.692+0000,2020-07-04
UA000000107380722,2020-07-04T16:10:58.460+0000,2020-07-04
UA000000107367905,2020-07-04T15:50:40.841+0000,2020-07-04
UA000000107359340,2020-07-04T15:32:16.366+0000,2020-07-04
UA000000107364375,2020-07-04T15:40:25.129+0000,2020-07-04
UA000000107357572,2020-07-04T15:58:26.332+0000,2020-07-04
UA000000107365652,2020-07-04T15:42:46.926+0000,2020-07-04
UA000000107375266,2020-07-04T16:00:24.460+0000,2020-07-04
UA000000107363847,2020-07-04T15:45:21.499+0000,2020-07-04
UA000000107371371,2020-07-04T15:53:14.697+0000,2020-07-04
UA000000107361203,2020-07-04T15:34:45.969+0000,2020-07-04
UA000000107362181,2020-07-04T15:36:24.633+0000,2020-07-04
UA000000107360031,2020-07-04T15:32:21.512+0000,2020-07-04
UA000000107360827,2020-07-04T15:33:49.870+0000,2020-07-04
UA000000107371124,2020-07-04T15:53:03.468+0000,2020-07-04
UA000000107362333,2020-07-04T15:45:34.409+0000,2020-07-04
UA000000107377693,2020-07-04T16:06:05.335+0000,2020-07-04
UA000000107365009,2020-07-04T15:44:11.289+0000,2020-07-04
UA000000107367721,2020-07-04T15:46:23.777+0000,2020-07-04
UA000000107364230,2020-07-04T15:40:13.992+0000,2020-07-04
UA000000107378908,2020-07-04T16:10:09.091+0000,2020-07-04
UA000000107378459,2020-07-04T16:06:32.524+0000,2020-07-04
UA000000107371441,2020-07-04T15:53:22.467+0000,2020-07-04
UA000000107358386,2020-07-04T15:30:51.542+0000,2020-07-04
UA000000107372642,2020-07-04T15:55:35.788+0000,2020-07-04
UA000000107358445,2020-07-04T15:43:59.172+0000,2020-07-04
UA000000107376783,2020-07-04T16:03:13.644+0000,2020-07-04
UA000000107374813,2020-07-04T16:00:00.650+0000,2020-07-04
UA000000107361273,2020-07-04T16:02:32.656+0000,2020-07-04
UA000000107374760,2020-07-04T15:59:24.061+0000,2020-07-04
UA000000107378291,2020-07-04T16:06:04.520+0000,2020-07-04
UA000000107376063,2020-07-04T16:03:47.629+0000,2020-07-04
UA000000107366026,2020-07-04T15:43:40.324+0000,2020-07-04
UA000000107361614,2020-07-04T15:35:23.588+0000,2020-07-04
UA000000107366948,2020-07-04T15:45:02.565+0000,2020-07-04
UA000000107373891,2020-07-04T15:57:50.435+0000,2020-07-04
UA000000107370469,2020-07-04T15:51:29.010+0000,2020-07-04
UA000000107379130,2020-07-04T16:07:35.869+0000,2020-07-04
UA000000107376639,2020-07-04T16:02:56.718+0000,2020-07-04
UA000000107367269,2020-07-04T16:07:00.098+0000,2020-07-04
UA000000107360624,2020-07-04T15:33:28.611+0000,2020-07-04
UA000000107371862,2020-07-04T15:54:09.757+0000,2020-07-04
UA000000107367735,2020-07-04T15:59:35.438+0000,2020-07-04
UA000000107371286,2020-07-04T16:08:31.087+0000,2020-07-04
UA000000107364786,2020-07-04T16:01:39.011+0000,2020-07-04
UA000000107374707,2020-07-04T16:02:51.041+0000,2020-07-04
UA000000107373556,2020-07-04T15:59:39.399+0000,2020-07-04
UA000000107378765,2020-07-04T16:06:57.016+0000,2020-07-04
UA000000107361993,2020-07-04T15:36:07.412+0000,2020-07-04
UA000000107371022,2020-07-04T16:10:42.956+0000,2020-07-04
UA000000107381942,2020-07-04T16:12:42.776+0000,2020-07-04
UA000000107360646,2020-07-04T15:33:30.884+0000,2020-07-04
UA000000107360379,2020-07-04T15:33:01.537+0000,2020-07-04
UA000000107363192,2020-07-04T15:38:17.841+0000,2020-07-04
UA000000107377012,2020-07-04T16:06:04.023+0000,2020-07-04
UA000000107383149,2020-07-04T16:14:51.978+0000,2020-07-04
UA000000107369705,2020-07-04T15:50:04.525+0000,2020-07-04
UA000000107375627,2020-07-04T16:01:04.857+0000,2020-07-04
UA000000107368975,2020-07-04T15:48:43.622+0000,2020-07-04
UA000000107365819,2020-07-04T16:06:17.298+0000,2020-07-04
UA000000107372764,2020-07-04T15:55:53.416+0000,2020-07-04
UA000000107364649,2020-07-04T15:57:27.164+0000,2020-07-04
UA000000107369787,2020-07-04T16:10:40.328+0000,2020-07-04
UA000000107357307,2020-07-04T15:56:30.851+0000,2020-07-04
UA000000107363218,2020-07-04T15:53:30.318+0000,2020-07-04
UA000000107374613,2020-07-04T15:59:33.098+0000,2020-07-04
UA000000107382532,2020-07-04T16:13:48.125+0000,2020-07-04
UA000000107362306,2020-07-04T15:36:41.288+0000,2020-07-04
UA000000107368046,2020-07-04T15:53:57.120+0000,2020-07-04
UA000000107360112,2020-07-04T15:32:32.962+0000,2020-07-04
UA000000107375035,2020-07-04T15:59:57.739+0000,2020-07-04
UA000000107376944,2020-07-04T16:03:32.453+0000,2020-07-04
UA000000107358442,2020-07-04T15:46:44.776+0000,2020-07-04
UA000000107370218,2020-07-04T15:51:01.698+0000,2020-07-04
UA000000107362101,2020-07-04T15:57:44.132+0000,2020-07-04
UA000000107365494,2020-07-04T15:42:27.315+0000,2020-07-04
UA000000107369256,2020-07-04T15:52:40.035+0000,2020-07-04
UA000000107369211,2020-07-04T15:49:08.918+0000,2020-07-04
UA000000107364223,2020-07-04T15:42:07.479+0000,2020-07-04
UA000000107375438,2020-07-04T16:00:43.458+0000,2020-07-04
UA000000107364129,2020-07-04T15:48:30.084+0000,2020-07-04
UA000000107358702,2020-07-04T15:29:45.998+0000,2020-07-04
UA000000107379256,2020-07-04T16:10:23.263+0000,2020-07-04
UA000000107369613,2020-07-04T15:49:53.896+0000,2020-07-04
UA000000107370381,2020-07-04T15:51:18.846+0000,2020-07-04
UA000000107378235,2020-07-04T16:05:57.093+0000,2020-07-04
UA000000107364966,2020-07-04T15:41:29.726+0000,2020-07-04
UA000000107377220,2020-07-04T16:04:00.274+0000,2020-07-04
UA000000107367895,2020-07-04T15:46:44.635+0000,2020-07-04
UA000000107362187,2020-07-04T16:00:24.957+0000,2020-07-04
UA000000107365065,2020-07-04T15:44:05.670+0000,2020-07-04
UA000000107366513,2020-07-04T15:44:18.543+0000,2020-07-04
UA000000107358729,2020-07-04T15:29:48.375+0000,2020-07-04
UA000000107363247,2020-07-04T15:45:06.172+0000,2020-07-04
UA000000107368928,2020-07-04T15:48:48.195+0000,2020-07-04
UA000000107374424,2020-07-04T16:02:04.673+0000,2020-07-04
UA000000107368082,2020-07-04T15:47:48.169+0000,2020-07-04
UA000000107367207,2020-07-04T16:06:00.819+0000,2020-07-04
UA000000107380179,2020-07-04T16:09:37.054+0000,2020-07-04
UA000000107378558,2020-07-04T16:08:55.220+0000,2020-07-04
UA000000107376254,2020-07-04T16:02:15.502+0000,2020-07-04
UA000000107373218,2020-07-04T15:56:39.707+0000,2020-07-04
UA000000107365673,2020-07-04T15:42:49.005+0000,2020-07-04
UA000000107375654,2020-07-04T16:01:07.477+0000,2020-07-04
UA000000107362473,2020-07-04T15:36:58.618+0000,2020-07-04
UA000000107373616,2020-07-04T15:57:39.225+0000,2020-07-04
UA000000107369290,2020-07-04T16:12:12.669+0000,2020-07-04
UA000000107369105,2020-07-04T16:04:22.269+0000,2020-07-04
UA000000107359145,2020-07-04T15:30:38.701+0000,2020-07-04
UA000000107365607,2020-07-04T15:42:41.796+0000,2020-07-04
UA000000107369759,2020-07-04T15:50:11.403+0000,2020-07-04
UA000000107382182,2020-07-04T16:13:09.817+0000,2020-07-04
UA000000107364474,2020-07-04T15:40:36.555+0000,2020-07-04
UA000000107369715,2020-07-04T16:04:39.538+0000,2020-07-04
UA000000107366903,2020-07-04T15:44:57.159+0000,2020-07-04
UA000000107378989,2020-07-04T16:09:01.603+0000,2020-07-04
UA000000107381775,2020-07-04T16:12:26.546+0000,2020-07-04
UA000000107361485,2020-07-04T15:37:40.099+0000,2020-07-04
UA000000107378057,2020-07-04T16:05:37.789+0000,2020-07-04
UA000000107373156,2020-07-04T15:58:12.745+0000,2020-07-04
UA000000107367259,2020-07-04T15:45:37.961+0000,2020-07-04
UA000000107373808,2020-07-04T15:57:39.684+0000,2020-07-04
UA000000107360200,2020-07-04T15:32:42.185+0000,2020-07-04
UA000000107381486,2020-07-04T16:11:54.601+0000,2020-07-04
UA000000107373654,2020-07-04T15:57:21.807+0000,2020-07-04
UA000000107382250,2020-07-04T16:13:34.616+0000,2020-07-04
UA000000107360687,2020-07-04T15:33:37.395+0000,2020-07-04
UA000000107365236,2020-07-04T15:51:12.012+0000,2020-07-04
UA000000107370406,2020-07-04T15:53:12.679+0000,2020-07-04
UA000000107369118,2020-07-04T15:48:58.012+0000,2020-07-04
UA000000107369426,2020-07-04T15:49:32.939+0000,2020-07-04
UA000000107382670,2020-07-04T16:14:01.858+0000,2020-07-04
UA000000107377488,2020-07-04T16:14:52.752+0000,2020-07-04
UA000000107366811,2020-07-04T15:48:21.370+0000,2020-07-04
UA000000107367158,2020-07-04T15:45:25.888+0000,2020-07-04
UA000000107357760,2020-07-04T15:27:57.814+0000,2020-07-04
UA000000107368983,2020-07-04T15:48:44.213+0000,2020-07-04
UA000000107358881,2020-07-04T15:30:06.508+0000,2020-07-04
UA000000107361305,2020-07-04T15:34:44.762+0000,2020-07-04
UA000000107363885,2020-07-04T15:39:33.726+0000,2020-07-04
UA000000107378569,2020-07-04T16:06:36.405+0000,2020-07-04
UA000000107366356,2020-07-04T15:44:02.090+0000,2020-07-04
UA000000107365315,2020-07-04T15:43:47.614+0000,2020-07-04
UA000000107378132,2020-07-04T16:05:53.783+0000,2020-07-04
UA000000107374978,2020-07-04T15:59:50.303+0000,2020-07-04
UA000000107371062,2020-07-04T15:52:45.303+0000,2020-07-04
UA000000107369486,2020-07-04T15:49:39.508+0000,2020-07-04
UA000000107359417,2020-07-04T15:42:19.355+0000,2020-07-04
UA000000107368370,2020-07-04T15:47:37.733+0000,2020-07-04
UA000000107377828,2020-07-04T16:05:11.557+0000,2020-07-04
UA000000107358328,2020-07-04T15:28:59.232+0000,2020-07-04
UA000000107369241,2020-07-04T15:49:12.973+0000,2020-07-04
UA000000107377331,2020-07-04T16:08:23.496+0000,2020-07-04
UA000000107369042,2020-07-04T15:48:50.438+0000,2020-07-04
UA000000107381623,2020-07-04T16:12:10.904+0000,2020-07-04
UA000000107359674,2020-07-04T15:31:38.471+0000,2020-07-04
UA000000107359456,2020-07-04T15:31:13.726+0000,2020-07-04
UA000000107374613,2020-07-04T15:59:08.698+0000,2020-07-04
UA000000107370029,2020-07-04T15:50:39.378+0000,2020-07-04
UA000000107370558,2020-07-04T15:56:43.705+0000,2020-07-04
UA000000107363062,2020-07-04T15:55:55.653+0000,2020-07-04
UA000000107378287,2020-07-04T16:06:03.908+0000,2020-07-04
UA000000107366087,2020-07-04T16:02:32.614+0000,2020-07-04
UA000000107362559,2020-07-04T15:37:06.655+0000,2020-07-04
UA000000107367084,2020-07-04T15:45:16.944+0000,2020-07-04
UA000000107366411,2020-07-04T15:44:07.740+0000,2020-07-04
UA000000107372919,2020-07-04T15:56:09.525+0000,2020-07-04
UA000000107367929,2020-07-04T15:49:29.996+0000,2020-07-04
UA000000107373193,2020-07-04T15:59:53.421+0000,2020-07-04
UA000000107377772,2020-07-04T16:05:04.179+0000,2020-07-04
UA000000107372093,2020-07-04T15:54:33.382+0000,2020-07-04
UA000000107359399,2020-07-04T15:31:07.593+0000,2020-07-04
UA000000107357873,2020-07-04T15:50:05.122+0000,2020-07-04
UA000000107363143,2020-07-04T15:38:20.396+0000,2020-07-04
UA000000107380686,2020-07-04T16:10:50.861+0000,2020-07-04
UA000000107374662,2020-07-04T15:59:12.950+0000,2020-07-04
UA000000107363446,2020-07-04T15:38:46.044+0000,2020-07-04
UA000000107359927,2020-07-04T15:32:09.311+0000,2020-07-04
UA000000107378996,2020-07-04T16:07:21.385+0000,2020-07-04
UA000000107381458,2020-07-04T16:11:51.336+0000,2020-07-04
UA000000107377502,2020-07-04T16:04:33.703+0000,2020-07-04
UA000000107362989,2020-07-04T16:09:44.079+0000,2020-07-04
UA000000107371687,2020-07-04T15:53:48.852+0000,2020-07-04
UA000000107363138,2020-07-04T15:57:03.705+0000,2020-07-04
UA000000107362048,2020-07-04T15:36:11.891+0000,2020-07-04
UA000000107364922,2020-07-04T15:47:02.070+0000,2020-07-04
UA000000107377389,2020-07-04T16:04:21.128+0000,2020-07-04
UA000000107375806,2020-07-04T16:01:26.487+0000,2020-07-04
UA000000107370975,2020-07-04T15:52:31.977+0000,2020-07-04
UA000000107364201,2020-07-04T15:40:08.334+0000,2020-07-04
UA000000107376151,2020-07-04T16:02:10.818+0000,2020-07-04
UA000000107358537,2020-07-04T15:29:23.002+0000,2020-07-04
UA000000107361089,2020-07-04T15:34:18.681+0000,2020-07-04
UA000000107363819,2020-07-04T16:02:12.244+0000,2020-07-04
UA000000107363667,2020-07-04T16:12:26.319+0000,2020-07-04
UA000000107363962,2020-07-04T15:46:40.890+0000,2020-07-04
UA000000107361031,2020-07-04T15:34:11.846+0000,2020-07-04
UA000000107370613,2020-07-04T15:51:46.094+0000,2020-07-04
UA000000107362234,2020-07-04T15:49:09.827+0000,2020-07-04
UA000000107365927,2020-07-04T16:07:13.269+0000,2020-07-04
UA000000107357432,2020-07-04T15:27:18.161+0000,2020-07-04
UA000000107366902,2020-07-04T15:44:57.071+0000,2020-07-04
UA000000107362405,2020-07-04T15:36:52.275+0000,2020-07-04
UA000000107367657,2020-07-04T15:57:54.772+0000,2020-07-04
UA000000107362030,2020-07-04T15:36:10.326+0000,2020-07-04
UA000000107366233,2020-07-04T15:43:47.750+0000,2020-07-04
UA000000107370944,2020-07-04T16:13:24.025+0000,2020-07-04
UA000000107379056,2020-07-04T16:12:14.221+0000,2020-07-04
UA000000107379042,2020-07-04T16:07:26.516+0000,2020-07-04
UA000000107358934,2020-07-04T15:30:13.097+0000,2020-07-04
UA000000107360627,2020-07-04T15:38:58.778+0000,2020-07-04
UA000000107367118,2020-07-04T15:45:20.178+0000,2020-07-04
UA000000107379512,2020-07-04T16:08:20.579+0000,2020-07-04
UA000000107376699,2020-07-04T16:03:04.249+0000,2020-07-04
UA000000107363611,2020-07-04T15:51:51.486+0000,2020-07-04
UA000000107365765,2020-07-04T15:55:44.228+0000,2020-07-04
UA000000107382486,2020-07-04T16:13:49.326+0000,2020-07-04
UA000000107360006,2020-07-04T15:36:24.090+0000,2020-07-04
UA000000107373806,2020-07-04T15:57:39.415+0000,2020-07-04
UA000000107369459,2020-07-04T15:49:51.038+0000,2020-07-04
UA000000107371672,2020-07-04T15:53:46.901+0000,2020-07-04
UA000000107358350,2020-07-04T15:29:01.938+0000,2020-07-04
UA000000107358681,2020-07-04T15:29:43.790+0000,2020-07-04
UA000000107361929,2020-07-04T15:36:00.574+0000,2020-07-04
UA000000107368655,2020-07-04T15:48:09.056+0000,2020-07-04
UA000000107362158,2020-07-04T15:36:22.523+0000,2020-07-04
UA000000107360872,2020-07-04T15:46:39.965+0000,2020-07-04
UA000000107376475,2020-07-04T16:10:43.524+0000,2020-07-04
UA000000107378392,2020-07-04T16:09:19.640+0000,2020-07-04
UA000000107382965,2020-07-04T16:14:36.831+0000,2020-07-04
UA000000107382478,2020-07-04T16:13:40.574+0000,2020-07-04
UA000000107359750,2020-07-04T15:31:45.920+0000,2020-07-04
UA000000107368863,2020-07-04T15:48:32.162+0000,2020-07-04
UA000000107371433,2020-07-04T15:55:16.057+0000,2020-07-04
UA000000107377601,2020-07-04T16:04:46.535+0000,2020-07-04
UA000000107366044,2020-07-04T15:55:32.697+0000,2020-07-04
UA000000107366824,2020-07-04T15:44:50.080+0000,2020-07-04
UA000000107369523,2020-07-04T15:49:42.839+0000,2020-07-04
UA000000107361842,2020-07-04T16:06:07.234+0000,2020-07-04
UA000000107359237,2020-07-04T15:40:14.434+0000,2020-07-04
UA000000107367514,2020-07-04T15:54:55.698+0000,2020-07-04
UA000000107373722,2020-07-04T16:11:19.600+0000,2020-07-04
UA000000107359190,2020-07-04T15:30:42.993+0000,2020-07-04
UA000000107372811,2020-07-04T15:55:58.213+0000,2020-07-04
UA000000107376654,2020-07-04T16:07:53.283+0000,2020-07-04
UA000000107375865,2020-07-04T16:01:32.534+0000,2020-07-04
UA000000107379525,2020-07-04T16:08:21.919+0000,2020-07-04
UA000000107372804,2020-07-04T15:55:57.516+0000,2020-07-04
UA000000107371387,2020-07-04T15:53:16.022+0000,2020-07-04
UA000000107382222,2020-07-04T16:13:14.190+0000,2020-07-04
UA000000107363091,2020-07-04T16:01:17.753+0000,2020-07-04
UA000000107359809,2020-07-04T15:58:32.755+0000,2020-07-04
UA000000107380223,2020-07-04T16:09:55.824+0000,2020-07-04
UA000000107368687,2020-07-04T15:52:08.721+0000,2020-07-04
UA000000107375990,2020-07-04T16:01:45.337+0000,2020-07-04
UA000000107365949,2020-07-04T16:02:25.249+0000,2020-07-04
UA000000107364012,2020-07-04T15:48:36.751+0000,2020-07-04
UA000000107382433,2020-07-04T16:13:35.206+0000,2020-07-04
UA000000107367882,2020-07-04T15:46:43.600+0000,2020-07-04
UA000000107361034,2020-07-04T16:06:31.331+0000,2020-07-04
UA000000107368790,2020-07-04T15:56:47.356+0000,2020-07-04
UA000000107364318,2020-07-04T15:40:18.563+0000,2020-07-04
UA000000107363481,2020-07-04T15:44:47.820+0000,2020-07-04
UA000000107361873,2020-07-04T15:53:22.395+0000,2020-07-04
UA000000107358714,2020-07-04T15:36:34.556+0000,2020-07-04
UA000000107371506,2020-07-04T15:53:30.100+0000,2020-07-04
UA000000107359370,2020-07-04T15:45:23.890+0000,2020-07-04
UA000000107371962,2020-07-04T15:54:19.693+0000,2020-07-04
UA000000107362464,2020-07-04T15:36:57.996+0000,2020-07-04
UA000000107372480,2020-07-04T15:55:17.657+0000,2020-07-04
UA000000107366637,2020-07-04T15:44:29.678+0000,2020-07-04
UA000000107358797,2020-07-04T15:29:55.902+0000,2020-07-04
UA000000107361841,2020-07-04T15:35:50.050+0000,2020-07-04
UA000000107361375,2020-07-04T15:55:51.327+0000,2020-07-04
UA000000107366858,2020-07-04T16:05:01.830+0000,2020-07-04
UA000000107366604,2020-07-04T15:44:26.827+0000,2020-07-04
UA000000107368527,2020-07-04T15:48:14.687+0000,2020-07-04
UA000000107377024,2020-07-04T16:03:40.262+0000,2020-07-04
UA000000107361837,2020-07-04T15:37:29.266+0000,2020-07-04
UA000000107358894,2020-07-04T15:30:08.073+0000,2020-07-04
UA000000107367636,2020-07-04T16:02:22.449+0000,2020-07-04
UA000000107359162,2020-07-04T15:41:46.295+0000,2020-07-04
UA000000107378441,2020-07-04T16:06:21.706+0000,2020-07-04
UA000000107370313,2020-07-04T15:51:12.596+0000,2020-07-04
UA000000107359268,2020-07-04T15:30:53.108+0000,2020-07-04
UA000000107374788,2020-07-04T16:13:24.892+0000,2020-07-04
UA000000107370368,2020-07-04T15:51:17.362+0000,2020-07-04
UA000000107371006,2020-07-04T15:52:35.423+0000,2020-07-04
UA000000107361413,2020-07-04T15:35:09.033+0000,2020-07-04
UA000000107357864,2020-07-04T15:28:06.604+0000,2020-07-04
UA000000107364013,2020-07-04T15:39:47.001+0000,2020-07-04
UA000000107365773,2020-07-04T15:42:59.254+0000,2020-07-04
UA000000107362759,2020-07-04T15:45:03.572+0000,2020-07-04
UA000000107368656,2020-07-04T15:51:13.302+0000,2020-07-04
UA000000107360024,2020-07-04T15:32:20.847+0000,2020-07-04
UA000000107381984,2020-07-04T16:12:47.381+0000,2020-07-04
UA000000107360699,2020-07-04T15:33:35.457+0000,2020-07-04
UA000000107359681,2020-07-04T15:41:41.924+0000,2020-07-04
UA000000107371238,2020-07-04T15:53:15.459+0000,2020-07-04
UA000000107375675,2020-07-04T16:01:09.182+0000,2020-07-04
UA000000107382016,2020-07-04T16:12:50.941+0000,2020-07-04
UA000000107366644,2020-07-04T15:44:30.459+0000,2020-07-04
UA000000107371494,2020-07-04T16:00:17.409+0000,2020-07-04
UA000000107371512,2020-07-04T15:57:46.012+0000,2020-07-04
UA000000107378271,2020-07-04T16:10:31.789+0000,2020-07-04
UA000000107369524,2020-07-04T15:50:04.716+0000,2020-07-04
UA000000107381029,2020-07-04T16:11:06.803+0000,2020-07-04
UA000000107369587,2020-07-04T16:06:09.278+0000,2020-07-04
UA000000107360004,2020-07-04T15:32:18.508+0000,2020-07-04
UA000000107380428,2020-07-04T16:10:03.550+0000,2020-07-04
UA000000107379968,2020-07-04T16:09:12.461+0000,2020-07-04
UA000000107371095,2020-07-04T15:52:46.385+0000,2020-07-04
UA000000107375537,2020-07-04T16:00:54.253+0000,2020-07-04
UA000000107382209,2020-07-04T16:13:12.412+0000,2020-07-04
UA000000107358414,2020-07-04T16:06:00.307+0000,2020-07-04
UA000000107382476,2020-07-04T16:13:40.353+0000,2020-07-04
UA000000107375887,2020-07-04T16:01:34.523+0000,2020-07-04
UA000000107361064,2020-07-04T15:34:16.017+0000,2020-07-04
UA000000107372873,2020-07-04T15:56:06.082+0000,2020-07-04
UA000000107366336,2020-07-04T16:03:21.283+0000,2020-07-04
UA000000107371749,2020-07-04T15:54:45.503+0000,2020-07-04
UA000000107373688,2020-07-04T15:57:27.024+0000,2020-07-04
UA000000107360408,2020-07-04T15:33:25.106+0000,2020-07-04
UA000000107371100,2020-07-04T15:52:47.550+0000,2020-07-04
UA000000107361741,2020-07-04T15:36:04.821+0000,2020-07-04
UA000000107362020,2020-07-04T15:36:09.730+0000,2020-07-04
UA000000107369803,2020-07-04T15:50:16.435+0000,2020-07-04
UA000000107383008,2020-07-04T16:14:36.577+0000,2020-07-04
UA000000107379570,2020-07-04T16:08:32.825+0000,2020-07-04
UA000000107371238,2020-07-04T15:59:27.207+0000,2020-07-04
UA000000107359708,2020-07-04T15:39:14.748+0000,2020-07-04
UA000000107360030,2020-07-04T15:47:44.691+0000,2020-07-04
UA000000107381290,2020-07-04T16:11:31.613+0000,2020-07-04
UA000000107363445,2020-07-04T15:51:40.700+0000,2020-07-04
UA000000107369668,2020-07-04T15:50:02.301+0000,2020-07-04
UA000000107365569,2020-07-04T15:42:37.479+0000,2020-07-04
UA000000107363613,2020-07-04T15:39:03.102+0000,2020-07-04
UA000000107370528,2020-07-04T15:58:36.240+0000,2020-07-04
UA000000107361157,2020-07-04T15:34:27.485+0000,2020-07-04
UA000000107376894,2020-07-04T16:03:27.017+0000,2020-07-04
UA000000107361634,2020-07-04T16:05:48.947+0000,2020-07-04
UA000000107358619,2020-07-04T15:50:50.963+0000,2020-07-04
UA000000107381555,2020-07-04T16:12:02.371+0000,2020-07-04
UA000000107380879,2020-07-04T16:10:49.408+0000,2020-07-04
UA000000107362185,2020-07-04T15:36:24.964+0000,2020-07-04
UA000000107366436,2020-07-04T15:57:02.089+0000,2020-07-04
UA000000107382089,2020-07-04T16:12:59.166+0000,2020-07-04
UA000000107368819,2020-07-04T15:48:26.251+0000,2020-07-04
UA000000107369325,2020-07-04T15:51:54.947+0000,2020-07-04
UA000000107380398,2020-07-04T16:10:00.427+0000,2020-07-04
UA000000107370667,2020-07-04T15:51:53.189+0000,2020-07-04
UA000000107379394,2020-07-04T16:14:11.874+0000,2020-07-04
UA000000107380047,2020-07-04T16:09:42.344+0000,2020-07-04
UA000000107368678,2020-07-04T15:51:01.412+0000,2020-07-04
UA000000107361677,2020-07-04T15:39:18.996+0000,2020-07-04
UA000000107380077,2020-07-04T16:09:23.327+0000,2020-07-04
UA000000107380064,2020-07-04T16:10:28.247+0000,2020-07-04
UA000000107361867,2020-07-04T15:35:53.289+0000,2020-07-04
UA000000107382028,2020-07-04T16:12:52.441+0000,2020-07-04
UA000000107380518,2020-07-04T16:10:13.024+0000,2020-07-04
UA000000107365189,2020-07-04T15:56:10.918+0000,2020-07-04
UA000000107368839,2020-07-04T15:48:29.293+0000,2020-07-04
UA000000107367673,2020-07-04T16:11:35.527+0000,2020-07-04
UA000000107371709,2020-07-04T15:57:57.790+0000,2020-07-04
UA000000107368888,2020-07-04T16:04:14.933+0000,2020-07-04
UA000000107361839,2020-07-04T15:35:49.728+0000,2020-07-04
UA000000107378083,2020-07-04T16:05:42.279+0000,2020-07-04
UA000000107372498,2020-07-04T15:55:19.925+0000,2020-07-04
UA000000107369691,2020-07-04T15:51:55.871+0000,2020-07-04
UA000000107370014,2020-07-04T15:50:38.468+0000,2020-07-04
UA000000107362186,2020-07-04T15:38:31.744+0000,2020-07-04
UA000000107369872,2020-07-04T16:00:49.514+0000,2020-07-04
UA000000107364120,2020-07-04T15:46:55.401+0000,2020-07-04
UA000000107376479,2020-07-04T16:02:40.568+0000,2020-07-04
UA000000107376348,2020-07-04T16:02:27.010+0000,2020-07-04
UA000000107364887,2020-07-04T15:47:15.247+0000,2020-07-04
UA000000107357903,2020-07-04T15:28:11.492+0000,2020-07-04
UA000000107376161,2020-07-04T16:02:02.943+0000,2020-07-04
UA000000107377470,2020-07-04T16:04:30.788+0000,2020-07-04
UA000000107379093,2020-07-04T16:07:31.818+0000,2020-07-04
UA000000107358417,2020-07-04T15:59:19.789+0000,2020-07-04
UA000000107362426,2020-07-04T15:36:54.282+0000,2020-07-04
UA000000107359916,2020-07-04T16:10:32.983+0000,2020-07-04
UA000000107363974,2020-07-04T15:39:42.224+0000,2020-07-04
UA000000107362573,2020-07-04T15:37:08.310+0000,2020-07-04
UA000000107360513,2020-07-04T15:58:13.280+0000,2020-07-04
UA000000107382968,2020-07-04T16:14:31.789+0000,2020-07-04
UA000000107382708,2020-07-04T16:14:05.394+0000,2020-07-04
UA000000107368621,2020-07-04T15:48:05.100+0000,2020-07-04
UA000000107368006,2020-07-04T15:46:58.333+0000,2020-07-04
UA000000107366246,2020-07-04T15:43:48.778+0000,2020-07-04
UA000000107366037,2020-07-04T15:44:11.151+0000,2020-07-04
UA000000107367119,2020-07-04T15:45:20.183+0000,2020-07-04
UA000000107381044,2020-07-04T16:11:08.561+0000,2020-07-04
UA000000107382258,2020-07-04T16:13:34.922+0000,2020-07-04
UA000000107366994,2020-07-04T15:45:53.396+0000,2020-07-04
UA000000107362729,2020-07-04T15:37:23.847+0000,2020-07-04
UA000000107370543,2020-07-04T15:57:45.993+0000,2020-07-04
UA000000107365897,2020-07-04T15:43:13.862+0000,2020-07-04
UA000000107379110,2020-07-04T16:11:14.335+0000,2020-07-04
UA000000107366642,2020-07-04T15:57:37.556+0000,2020-07-04
UA000000107370681,2020-07-04T15:51:55.775+0000,2020-07-04
UA000000107363054,2020-07-04T16:09:58.451+0000,2020-07-04
UA000000107357553,2020-07-04T15:27:30.807+0000,2020-07-04
UA000000107368828,2020-07-04T16:14:10.450+0000,2020-07-04
UA000000107358824,2020-07-04T15:29:59.189+0000,2020-07-04
UA000000107381022,2020-07-04T16:11:06.174+0000,2020-07-04
UA000000107368974,2020-07-04T15:48:43.542+0000,2020-07-04
UA000000107359938,2020-07-04T15:32:11.342+0000,2020-07-04
UA000000107376330,2020-07-04T16:02:23.706+0000,2020-07-04
UA000000107370836,2020-07-04T15:52:28.038+0000,2020-07-04
UA000000107366430,2020-07-04T16:05:05.492+0000,2020-07-04
UA000000107365819,2020-07-04T16:05:24.188+0000,2020-07-04
UA000000107370340,2020-07-04T15:51:25.471+0000,2020-07-04
UA000000107365737,2020-07-04T15:42:57.258+0000,2020-07-04
UA000000107368246,2020-07-04T16:03:47.008+0000,2020-07-04
UA000000107378022,2020-07-04T16:12:38.841+0000,2020-07-04
UA000000107368451,2020-07-04T15:47:46.848+0000,2020-07-04
UA000000107358753,2020-07-04T15:54:32.951+0000,2020-07-04
UA000000107364103,2020-07-04T15:45:54.808+0000,2020-07-04
UA000000107370703,2020-07-04T15:51:58.665+0000,2020-07-04
UA000000107372928,2020-07-04T15:56:10.344+0000,2020-07-04
UA000000107373413,2020-07-04T15:58:34.600+0000,2020-07-04
UA000000107369256,2020-07-04T15:52:48.380+0000,2020-07-04
UA000000107372230,2020-07-04T15:55:49.638+0000,2020-07-04
UA000000107359880,2020-07-04T15:46:00.857+0000,2020-07-04
UA000000107377144,2020-07-04T16:08:21.029+0000,2020-07-04
UA000000107366007,2020-07-04T15:43:25.349+0000,2020-07-04
UA000000107370679,2020-07-04T15:54:11.321+0000,2020-07-04
UA000000107374809,2020-07-04T15:59:29.180+0000,2020-07-04
UA000000107361712,2020-07-04T16:00:32.099+0000,2020-07-04
UA000000107369690,2020-07-04T15:50:02.735+0000,2020-07-04
UA000000107370401,2020-07-04T16:04:06.121+0000,2020-07-04
UA000000107371261,2020-07-04T15:55:37.620+0000,2020-07-04
UA000000107380132,2020-07-04T16:09:50.241+0000,2020-07-04
UA000000107366543,2020-07-04T15:51:22.335+0000,2020-07-04
UA000000107367073,2020-07-04T15:45:21.537+0000,2020-07-04
UA000000107363029,2020-07-04T15:37:59.313+0000,2020-07-04
UA000000107371755,2020-07-04T15:54:20.116+0000,2020-07-04
UA000000107358163,2020-07-04T15:28:40.612+0000,2020-07-04
UA000000107367629,2020-07-04T15:54:23.167+0000,2020-07-04
UA000000107358299,2020-07-04T15:30:36.335+0000,2020-07-04
UA000000107378772,2020-07-04T16:08:22.626+0000,2020-07-04
UA000000107375960,2020-07-04T16:01:42.711+0000,2020-07-04
UA000000107370790,2020-07-04T15:52:08.886+0000,2020-07-04
UA000000107364146,2020-07-04T15:47:52.873+0000,2020-07-04
UA000000107373003,2020-07-04T15:56:17.209+0000,2020-07-04
UA000000107357634,2020-07-04T15:27:54.384+0000,2020-07-04
UA000000107378204,2020-07-04T16:05:53.857+0000,2020-07-04
UA000000107360019,2020-07-04T15:32:20.360+0000,2020-07-04
UA000000107362132,2020-07-04T15:36:20.823+0000,2020-07-04
UA000000107360149,2020-07-04T15:32:36.887+0000,2020-07-04
UA000000107365087,2020-07-04T15:41:42.755+0000,2020-07-04
UA000000107370897,2020-07-04T15:54:21.664+0000,2020-07-04
UA000000107364350,2020-07-04T15:56:46.879+0000,2020-07-04
UA000000107382069,2020-07-04T16:12:56.619+0000,2020-07-04
UA000000107379038,2020-07-04T16:07:26.171+0000,2020-07-04
UA000000107375233,2020-07-04T16:12:17.527+0000,2020-07-04
UA000000107383079,2020-07-04T16:14:43.414+0000,2020-07-04
UA000000107359883,2020-07-04T15:32:02.901+0000,2020-07-04
UA000000107371248,2020-07-04T15:54:45.538+0000,2020-07-04
UA000000107376521,2020-07-04T16:09:36.824+0000,2020-07-04
UA000000107370966,2020-07-04T15:52:31.294+0000,2020-07-04
UA000000107360334,2020-07-04T15:32:56.712+0000,2020-07-04
UA000000107371533,2020-07-04T15:53:32.623+0000,2020-07-04
UA000000107372520,2020-07-04T15:56:49.570+0000,2020-07-04
UA000000107360652,2020-07-04T15:33:31.403+0000,2020-07-04
UA000000107371876,2020-07-04T15:54:11.518+0000,2020-07-04
UA000000107365408,2020-07-04T15:42:19.063+0000,2020-07-04
UA000000107368927,2020-07-04T15:48:38.034+0000,2020-07-04
UA000000107366773,2020-07-04T15:44:43.896+0000,2020-07-04
UA000000107364269,2020-07-04T16:00:37.022+0000,2020-07-04
UA000000107363147,2020-07-04T15:38:12.497+0000,2020-07-04
UA000000107373025,2020-07-04T15:56:59.370+0000,2020-07-04
UA000000107357680,2020-07-04T15:29:13.938+0000,2020-07-04
UA000000107366804,2020-07-04T15:44:47.415+0000,2020-07-04
UA000000107379337,2020-07-04T16:07:59.920+0000,2020-07-04
UA000000107357549,2020-07-04T16:05:15.378+0000,2020-07-04
UA000000107375595,2020-07-04T16:01:02.347+0000,2020-07-04
UA000000107376612,2020-07-04T16:02:53.149+0000,2020-07-04
UA000000107363338,2020-07-04T15:39:57.038+0000,2020-07-04
UA000000107377799,2020-07-04T16:05:07.369+0000,2020-07-04
UA000000107378337,2020-07-04T16:07:35.446+0000,2020-07-04
UA000000107380898,2020-07-04T16:13:22.987+0000,2020-07-04
UA000000107378035,2020-07-04T16:05:35.289+0000,2020-07-04
UA000000107360245,2020-07-04T15:32:46.517+0000,2020-07-04
UA000000107366410,2020-07-04T15:44:07.706+0000,2020-07-04
UA000000107368578,2020-07-04T15:52:37.508+0000,2020-07-04
UA000000107382199,2020-07-04T16:13:11.609+0000,2020-07-04
UA000000107378041,2020-07-04T16:05:36.201+0000,2020-07-04
UA000000107359607,2020-07-04T15:31:31.765+0000,2020-07-04
UA000000107364043,2020-07-04T15:51:23.394+0000,2020-07-04
UA000000107363897,2020-07-04T15:39:34.625+0000,2020-07-04
UA000000107378461,2020-07-04T16:06:24.275+0000,2020-07-04
UA000000107379873,2020-07-04T16:09:02.493+0000,2020-07-04
UA000000107377767,2020-07-04T16:05:03.141+0000,2020-07-04
UA000000107368247,2020-07-04T16:12:22.644+0000,2020-07-04
UA000000107372548,2020-07-04T15:55:25.445+0000,2020-07-04
UA000000107378625,2020-07-04T16:06:42.590+0000,2020-07-04
UA000000107378129,2020-07-04T16:05:45.097+0000,2020-07-04
UA000000107372385,2020-07-04T16:12:07.574+0000,2020-07-04
UA000000107377225,2020-07-04T16:04:00.699+0000,2020-07-04
UA000000107363723,2020-07-04T15:39:14.453+0000,2020-07-04
UA000000107382521,2020-07-04T16:13:45.928+0000,2020-07-04
UA000000107378349,2020-07-04T16:06:11.144+0000,2020-07-04
UA000000107368049,2020-07-04T15:55:20.350+0000,2020-07-04
UA000000107364279,2020-07-04T15:40:15.668+0000,2020-07-04
UA000000107365827,2020-07-04T15:52:11.178+0000,2020-07-04
UA000000107374981,2020-07-04T16:09:53.833+0000,2020-07-04
UA000000107367512,2020-07-04T15:46:03.913+0000,2020-07-04
UA000000107359087,2020-07-04T15:30:30.219+0000,2020-07-04
UA000000107381992,2020-07-04T16:12:48.651+0000,2020-07-04
UA000000107371989,2020-07-04T16:04:16.895+0000,2020-07-04
UA000000107371057,2020-07-04T15:52:41.521+0000,2020-07-04
UA000000107365115,2020-07-04T16:00:48.580+0000,2020-07-04
UA000000107380307,2020-07-04T16:10:58.628+0000,2020-07-04
UA000000107378902,2020-07-04T16:07:11.298+0000,2020-07-04
